iCase,Fr,beta,Cd,alpha_simple,alpha_SRH_2D,bConverged_simple,bConverged_SRH_2D
0.00,0.05,0.05,0.00,0.05,0.05,1.00,1.00
1.00,0.05,0.05,8.89,0.14,0.11,1.00,1.00
2.00,0.05,0.05,17.78,0.19,0.14,1.00,1.00
3.00,0.05,0.05,26.67,0.22,0.17,1.00,1.00
4.00,0.05,0.05,35.56,0.24,0.18,1.00,1.00
5.00,0.05,0.05,44.44,0.26,0.20,1.00,1.00
6.00,0.05,0.05,53.33,0.28,0.21,1.00,1.00
7.00,0.05,0.05,62.22,0.29,0.22,1.00,1.00
8.00,0.05,0.05,71.11,0.31,0.23,1.00,1.00
9.00,0.05,0.05,80.00,0.32,0.24,1.00,1.00
10.00,0.05,0.15,0.00,0.15,0.15,1.00,1.00
11.00,0.05,0.15,8.89,0.36,0.30,1.00,1.00
12.00,0.05,0.15,17.78,0.43,0.36,1.00,1.00
13.00,0.05,0.15,26.67,0.48,0.40,1.00,1.00
14.00,0.05,0.15,35.56,0.52,0.43,1.00,1.00
15.00,0.05,0.15,44.44,0.54,0.46,1.00,1.00
16.00,0.05,0.15,53.33,0.56,0.48,1.00,1.00
17.00,0.05,0.15,62.22,0.58,0.49,1.00,1.00
18.00,0.05,0.15,71.11,0.60,0.51,1.00,1.00
19.00,0.05,0.15,80.00,0.61,0.52,1.00,1.00
20.00,0.05,0.25,0.00,0.25,0.25,1.00,1.00
21.00,0.05,0.25,8.89,0.51,0.44,1.00,1.00
22.00,0.05,0.25,17.78,0.59,0.52,1.00,1.00
23.00,0.05,0.25,26.67,0.64,0.56,1.00,1.00
24.00,0.05,0.25,35.56,0.67,0.59,1.00,1.00
25.00,0.05,0.25,44.44,0.69,0.61,1.00,1.00
26.00,0.05,0.25,53.33,0.71,0.63,1.00,1.00
27.00,0.05,0.25,62.22,0.73,0.65,1.00,1.00
28.00,0.05,0.25,71.11,0.74,0.66,1.00,1.00
29.00,0.05,0.25,80.00,0.75,0.67,1.00,1.00
30.00,0.05,0.35,0.00,0.35,0.35,1.00,1.00
31.00,0.05,0.35,8.89,0.63,0.57,1.00,1.00
32.00,0.05,0.35,17.78,0.70,0.63,1.00,1.00
33.00,0.05,0.35,26.67,0.74,0.67,1.00,1.00
34.00,0.05,0.35,35.56,0.76,0.70,1.00,1.00
35.00,0.05,0.35,44.44,0.78,0.72,1.00,1.00
36.00,0.05,0.35,53.33,0.80,0.74,1.00,1.00
37.00,0.05,0.35,62.22,0.81,0.75,1.00,1.00
38.00,0.05,0.35,71.11,0.82,0.76,1.00,1.00
39.00,0.05,0.35,80.00,0.83,0.77,1.00,1.00
40.00,0.05,0.45,0.00,0.45,0.45,1.00,1.00
41.00,0.05,0.45,8.89,0.72,0.67,1.00,1.00
42.00,0.05,0.45,17.78,0.78,0.73,1.00,1.00
43.00,0.05,0.45,26.67,0.81,0.76,1.00,1.00
44.00,0.05,0.45,35.56,0.83,0.78,1.00,1.00
45.00,0.05,0.45,44.44,0.85,0.80,1.00,1.00
46.00,0.05,0.45,53.33,0.86,0.81,1.00,1.00
47.00,0.05,0.45,62.22,0.87,0.82,1.00,1.00
48.00,0.05,0.45,71.11,0.87,0.83,1.00,1.00
49.00,0.05,0.45,80.00,0.88,0.84,1.00,1.00
50.00,0.05,0.55,0.00,0.55,0.55,1.00,1.00
51.00,0.05,0.55,8.89,0.79,0.75,1.00,1.00
52.00,0.05,0.55,17.78,0.84,0.80,1.00,1.00
53.00,0.05,0.55,26.67,0.87,0.83,1.00,1.00
54.00,0.05,0.55,35.56,0.88,0.85,1.00,1.00
55.00,0.05,0.55,44.44,0.89,0.86,1.00,1.00
56.00,0.05,0.55,53.33,0.90,0.87,1.00,1.00
57.00,0.05,0.55,62.22,0.91,0.88,1.00,1.00
58.00,0.05,0.55,71.11,0.91,0.88,1.00,1.00
59.00,0.05,0.55,80.00,0.92,0.89,1.00,1.00
60.00,0.05,0.65,0.00,0.65,0.65,1.00,1.00
61.00,0.05,0.65,8.89,0.85,0.82,1.00,1.00
62.00,0.05,0.65,17.78,0.89,0.86,1.00,1.00
63.00,0.05,0.65,26.67,0.91,0.88,1.00,1.00
64.00,0.05,0.65,35.56,0.92,0.89,1.00,1.00
65.00,0.05,0.65,44.44,0.93,0.90,1.00,1.00
66.00,0.05,0.65,53.33,0.93,0.91,1.00,1.00
67.00,0.05,0.65,62.22,0.94,0.92,1.00,1.00
68.00,0.05,0.65,71.11,0.94,0.92,1.00,1.00
69.00,0.05,0.65,80.00,0.94,0.93,1.00,1.00
70.00,0.05,0.75,0.00,0.75,0.75,1.00,1.00
71.00,0.05,0.75,8.89,0.90,0.88,1.00,1.00
72.00,0.05,0.75,17.78,0.93,0.91,1.00,1.00
73.00,0.05,0.75,26.67,0.94,0.93,1.00,1.00
74.00,0.05,0.75,35.56,0.95,0.93,1.00,1.00
75.00,0.05,0.75,44.44,0.95,0.94,1.00,1.00
76.00,0.05,0.75,53.33,0.96,0.95,1.00,1.00
77.00,0.05,0.75,62.22,0.96,0.95,1.00,1.00
78.00,0.05,0.75,71.11,0.96,0.95,1.00,1.00
79.00,0.05,0.75,80.00,0.96,0.95,1.00,1.00
80.00,0.05,0.85,0.00,0.85,0.85,1.00,1.00
81.00,0.05,0.85,8.89,0.95,0.94,1.00,1.00
82.00,0.05,0.85,17.78,0.96,0.95,1.00,1.00
83.00,0.05,0.85,26.67,0.97,0.96,1.00,1.00
84.00,0.05,0.85,35.56,0.97,0.97,1.00,1.00
85.00,0.05,0.85,44.44,0.97,0.97,1.00,1.00
86.00,0.05,0.85,53.33,0.98,0.97,1.00,1.00
87.00,0.05,0.85,62.22,0.98,0.97,1.00,1.00
88.00,0.05,0.85,71.11,0.98,0.98,1.00,1.00
89.00,0.05,0.85,80.00,0.98,0.98,1.00,1.00
90.00,0.05,0.95,0.00,0.95,0.95,1.00,1.00
91.00,0.05,0.95,8.89,0.98,0.98,1.00,1.00
92.00,0.05,0.95,17.78,0.99,0.99,1.00,1.00
93.00,0.05,0.95,26.67,0.99,0.99,1.00,1.00
94.00,0.05,0.95,35.56,0.99,0.99,1.00,1.00
95.00,0.05,0.95,44.44,0.99,0.99,1.00,1.00
96.00,0.05,0.95,53.33,0.99,0.99,1.00,1.00
97.00,0.05,0.95,62.22,0.99,0.99,1.00,1.00
98.00,0.05,0.95,71.11,0.99,0.99,1.00,1.00
99.00,0.05,0.95,80.00,0.99,0.99,1.00,1.00
100.00,0.15,0.05,0.00,0.05,0.05,1.00,1.00
101.00,0.15,0.05,8.89,0.14,0.11,1.00,1.00
102.00,0.15,0.05,17.78,0.18,0.14,1.00,1.00
103.00,0.15,0.05,26.67,0.19,0.16,1.00,1.00
104.00,0.15,0.05,35.56,0.19,0.18,1.00,1.00
105.00,0.15,0.05,44.44,0.20,0.19,1.00,1.00
106.00,0.15,0.05,53.33,0.21,0.20,1.00,1.00
107.00,0.15,0.05,62.22,0.22,0.21,1.00,1.00
108.00,0.15,0.05,71.11,0.23,0.22,1.00,1.00
109.00,0.15,0.05,80.00,0.23,0.23,1.00,1.00
110.00,0.15,0.15,0.00,0.15,0.15,1.00,1.00
111.00,0.15,0.15,8.89,0.35,0.29,1.00,1.00
112.00,0.15,0.15,17.78,0.43,0.36,1.00,1.00
113.00,0.15,0.15,26.67,0.47,0.39,1.00,1.00
114.00,0.15,0.15,35.56,0.50,0.42,1.00,1.00
115.00,0.15,0.15,44.44,0.53,0.45,1.00,1.00
116.00,0.15,0.15,53.33,0.55,0.47,1.00,1.00
117.00,0.15,0.15,62.22,0.55,0.48,1.00,1.00
118.00,0.15,0.15,71.11,0.57,0.50,1.00,1.00
119.00,0.15,0.15,80.00,0.58,0.51,1.00,1.00
120.00,0.15,0.25,0.00,0.25,0.25,1.00,1.00
121.00,0.15,0.25,8.89,0.51,0.44,1.00,1.00
122.00,0.15,0.25,17.78,0.59,0.51,1.00,1.00
123.00,0.15,0.25,26.67,0.63,0.55,1.00,1.00
124.00,0.15,0.25,35.56,0.66,0.58,1.00,1.00
125.00,0.15,0.25,44.44,0.69,0.61,1.00,1.00
126.00,0.15,0.25,53.33,0.70,0.63,1.00,1.00
127.00,0.15,0.25,62.22,0.72,0.64,1.00,1.00
128.00,0.15,0.25,71.11,0.73,0.65,1.00,1.00
129.00,0.15,0.25,80.00,0.74,0.67,1.00,1.00
130.00,0.15,0.35,0.00,0.35,0.35,1.00,1.00
131.00,0.15,0.35,8.89,0.63,0.56,1.00,1.00
132.00,0.15,0.35,17.78,0.70,0.63,1.00,1.00
133.00,0.15,0.35,26.67,0.74,0.67,1.00,1.00
134.00,0.15,0.35,35.56,0.76,0.70,1.00,1.00
135.00,0.15,0.35,44.44,0.78,0.72,1.00,1.00
136.00,0.15,0.35,53.33,0.80,0.73,1.00,1.00
137.00,0.15,0.35,62.22,0.81,0.75,1.00,1.00
138.00,0.15,0.35,71.11,0.82,0.76,1.00,1.00
139.00,0.15,0.35,80.00,0.83,0.77,1.00,1.00
140.00,0.15,0.45,0.00,0.45,0.45,1.00,1.00
141.00,0.15,0.45,8.89,0.72,0.66,1.00,1.00
142.00,0.15,0.45,17.78,0.78,0.72,1.00,1.00
143.00,0.15,0.45,26.67,0.81,0.76,1.00,1.00
144.00,0.15,0.45,35.56,0.83,0.78,1.00,1.00
145.00,0.15,0.45,44.44,0.85,0.80,1.00,1.00
146.00,0.15,0.45,53.33,0.86,0.81,1.00,1.00
147.00,0.15,0.45,62.22,0.87,0.82,1.00,1.00
148.00,0.15,0.45,71.11,0.87,0.83,1.00,1.00
149.00,0.15,0.45,80.00,0.88,0.84,1.00,1.00
150.00,0.15,0.55,0.00,0.55,0.55,1.00,1.00
151.00,0.15,0.55,8.89,0.79,0.75,1.00,1.00
152.00,0.15,0.55,17.78,0.84,0.80,1.00,1.00
153.00,0.15,0.55,26.67,0.86,0.83,1.00,1.00
154.00,0.15,0.55,35.56,0.88,0.84,1.00,1.00
155.00,0.15,0.55,44.44,0.89,0.86,1.00,1.00
156.00,0.15,0.55,53.33,0.90,0.87,1.00,1.00
157.00,0.15,0.55,62.22,0.91,0.87,1.00,1.00
158.00,0.15,0.55,71.11,0.91,0.88,1.00,1.00
159.00,0.15,0.55,80.00,0.92,0.89,1.00,1.00
160.00,0.15,0.65,0.00,0.65,0.65,1.00,1.00
161.00,0.15,0.65,8.89,0.85,0.82,1.00,1.00
162.00,0.15,0.65,17.78,0.89,0.86,1.00,1.00
163.00,0.15,0.65,26.67,0.91,0.88,1.00,1.00
164.00,0.15,0.65,35.56,0.92,0.89,1.00,1.00
165.00,0.15,0.65,44.44,0.93,0.90,1.00,1.00
166.00,0.15,0.65,53.33,0.93,0.91,1.00,1.00
167.00,0.15,0.65,62.22,0.94,0.92,1.00,1.00
168.00,0.15,0.65,71.11,0.94,0.92,1.00,1.00
169.00,0.15,0.65,80.00,0.94,0.92,1.00,1.00
170.00,0.15,0.75,0.00,0.75,0.75,1.00,1.00
171.00,0.15,0.75,8.89,0.90,0.88,1.00,1.00
172.00,0.15,0.75,17.78,0.93,0.91,1.00,1.00
173.00,0.15,0.75,26.67,0.94,0.93,1.00,1.00
174.00,0.15,0.75,35.56,0.95,0.93,1.00,1.00
175.00,0.15,0.75,44.44,0.95,0.94,1.00,1.00
176.00,0.15,0.75,53.33,0.96,0.94,1.00,1.00
177.00,0.15,0.75,62.22,0.96,0.95,1.00,1.00
178.00,0.15,0.75,71.11,0.96,0.95,1.00,1.00
179.00,0.15,0.75,80.00,0.96,0.95,1.00,1.00
180.00,0.15,0.85,0.00,0.85,0.85,1.00,1.00
181.00,0.15,0.85,8.89,0.95,0.94,1.00,1.00
182.00,0.15,0.85,17.78,0.96,0.95,1.00,1.00
183.00,0.15,0.85,26.67,0.97,0.96,1.00,1.00
184.00,0.15,0.85,35.56,0.97,0.97,1.00,1.00
185.00,0.15,0.85,44.44,0.97,0.97,1.00,1.00
186.00,0.15,0.85,53.33,0.98,0.97,1.00,1.00
187.00,0.15,0.85,62.22,0.98,0.97,1.00,1.00
188.00,0.15,0.85,71.11,0.98,0.98,1.00,1.00
189.00,0.15,0.85,80.00,0.98,0.98,1.00,1.00
190.00,0.15,0.95,0.00,0.95,0.95,1.00,1.00
191.00,0.15,0.95,8.89,0.98,0.98,1.00,1.00
192.00,0.15,0.95,17.78,0.99,0.99,1.00,1.00
193.00,0.15,0.95,26.67,0.99,0.99,1.00,1.00
194.00,0.15,0.95,35.56,1.01,0.99,1.00,1.00
195.00,0.15,0.95,44.44,0.99,0.99,1.00,1.00
196.00,0.15,0.95,53.33,0.99,0.99,1.00,1.00
197.00,0.15,0.95,62.22,0.99,0.99,1.00,1.00
198.00,0.15,0.95,71.11,0.99,0.99,1.00,1.00
199.00,0.15,0.95,80.00,0.99,0.99,1.00,1.00
200.00,0.25,0.05,0.00,0.05,0.05,1.00,1.00
201.00,0.25,0.05,8.89,0.12,0.11,1.00,1.00
202.00,0.25,0.05,17.78,0.12,0.13,1.00,1.00
203.00,0.25,0.05,26.67,0.14,0.15,1.00,1.00
204.00,0.25,0.05,35.56,0.15,0.17,1.00,1.00
205.00,0.25,0.05,44.44,0.16,0.18,1.00,1.00
206.00,0.25,0.05,53.33,0.17,0.19,1.00,1.00
207.00,0.25,0.05,62.22,0.18,0.20,1.00,1.00
208.00,0.25,0.05,71.11,0.19,0.21,1.00,1.00
209.00,0.25,0.05,80.00,0.21,0.22,1.00,1.00
210.00,0.25,0.15,0.00,0.15,0.15,1.00,1.00
211.00,0.25,0.15,8.89,0.34,0.29,1.00,1.00
212.00,0.25,0.15,17.78,0.38,0.35,1.00,1.00
213.00,0.25,0.15,26.67,0.42,0.39,1.00,1.00
214.00,0.25,0.15,35.56,0.46,0.41,1.00,1.00
215.00,0.25,0.15,44.44,0.49,0.44,1.00,1.00
216.00,0.25,0.15,53.33,0.52,0.46,1.00,1.00
217.00,0.25,0.15,62.22,0.55,0.47,1.00,1.00
218.00,0.25,0.15,71.11,0.57,0.49,1.00,1.00
219.00,0.25,0.15,80.00,0.59,0.50,1.00,1.00
220.00,0.25,0.25,0.00,0.25,0.25,1.00,1.00
221.00,0.25,0.25,8.89,0.50,0.44,1.00,1.00
222.00,0.25,0.25,17.78,0.57,0.51,1.00,1.00
223.00,0.25,0.25,26.67,0.61,0.55,1.00,1.00
224.00,0.25,0.25,35.56,0.65,0.58,1.00,1.00
225.00,0.25,0.25,44.44,0.68,0.60,1.00,1.00
226.00,0.25,0.25,53.33,0.70,0.62,1.00,1.00
227.00,0.25,0.25,62.22,0.72,0.63,1.00,1.00
228.00,0.25,0.25,71.11,0.74,0.65,1.00,1.00
229.00,0.25,0.25,80.00,0.75,0.66,1.00,1.00
230.00,0.25,0.35,0.00,0.35,0.35,1.00,1.00
231.00,0.25,0.35,8.89,0.62,0.56,1.00,1.00
232.00,0.25,0.35,17.78,0.69,0.63,1.00,1.00
233.00,0.25,0.35,26.67,0.73,0.66,1.00,1.00
234.00,0.25,0.35,35.56,0.75,0.69,1.00,1.00
235.00,0.25,0.35,44.44,0.77,0.71,1.00,1.00
236.00,0.25,0.35,53.33,0.79,0.73,1.00,1.00
237.00,0.25,0.35,62.22,0.80,0.74,1.00,1.00
238.00,0.25,0.35,71.11,0.80,0.75,1.00,1.00
239.00,0.25,0.35,80.00,0.81,0.76,1.00,1.00
240.00,0.25,0.45,0.00,0.45,0.45,1.00,1.00
241.00,0.25,0.45,8.89,0.72,0.66,1.00,1.00
242.00,0.25,0.45,17.78,0.78,0.72,1.00,1.00
243.00,0.25,0.45,26.67,0.81,0.75,1.00,1.00
244.00,0.25,0.45,35.56,0.83,0.78,1.00,1.00
245.00,0.25,0.45,44.44,0.84,0.79,1.00,1.00
246.00,0.25,0.45,53.33,0.85,0.81,1.00,1.00
247.00,0.25,0.45,62.22,0.86,0.82,1.00,1.00
248.00,0.25,0.45,71.11,0.87,0.83,1.00,1.00
249.00,0.25,0.45,80.00,0.88,0.83,1.00,1.00
250.00,0.25,0.55,0.00,0.55,0.55,1.00,1.00
251.00,0.25,0.55,8.89,0.79,0.75,1.00,1.00
252.00,0.25,0.55,17.78,0.84,0.80,1.00,1.00
253.00,0.25,0.55,26.67,0.86,0.82,1.00,1.00
254.00,0.25,0.55,35.56,0.88,0.84,1.00,1.00
255.00,0.25,0.55,44.44,0.89,0.85,1.00,1.00
256.00,0.25,0.55,53.33,0.90,0.86,1.00,1.00
257.00,0.25,0.55,62.22,0.90,0.87,1.00,1.00
258.00,0.25,0.55,71.11,0.91,0.88,1.00,1.00
259.00,0.25,0.55,80.00,0.91,0.88,1.00,1.00
260.00,0.25,0.65,0.00,0.65,0.65,1.00,1.00
261.00,0.25,0.65,8.89,0.85,0.82,1.00,1.00
262.00,0.25,0.65,17.78,0.89,0.86,1.00,1.00
263.00,0.25,0.65,26.67,0.91,0.88,1.00,1.00
264.00,0.25,0.65,35.56,0.92,0.89,1.00,1.00
265.00,0.25,0.65,44.44,0.92,0.90,1.00,1.00
266.00,0.25,0.65,53.33,0.93,0.91,1.00,1.00
267.00,0.25,0.65,62.22,0.94,0.91,1.00,1.00
268.00,0.25,0.65,71.11,0.94,0.92,1.00,1.00
269.00,0.25,0.65,80.00,0.94,0.92,1.00,1.00
270.00,0.25,0.75,0.00,0.75,0.75,1.00,1.00
271.00,0.25,0.75,8.89,0.90,0.88,1.00,1.00
272.00,0.25,0.75,17.78,0.93,0.91,1.00,1.00
273.00,0.25,0.75,26.67,0.94,0.92,1.00,1.00
274.00,0.25,0.75,35.56,0.95,0.93,1.00,1.00
275.00,0.25,0.75,44.44,0.95,0.94,1.00,1.00
276.00,0.25,0.75,53.33,0.96,0.94,1.00,1.00
277.00,0.25,0.75,62.22,0.96,0.95,1.00,1.00
278.00,0.25,0.75,71.11,0.96,0.95,1.00,1.00
279.00,0.25,0.75,80.00,0.96,0.95,1.00,1.00
280.00,0.25,0.85,0.00,0.85,0.85,1.00,1.00
281.00,0.25,0.85,8.89,0.95,0.94,1.00,1.00
282.00,0.25,0.85,17.78,0.96,0.95,1.00,1.00
283.00,0.25,0.85,26.67,0.97,0.96,1.00,1.00
284.00,0.25,0.85,35.56,0.97,0.97,1.00,1.00
285.00,0.25,0.85,44.44,0.97,0.97,1.00,1.00
286.00,0.25,0.85,53.33,0.98,0.97,1.00,1.00
287.00,0.25,0.85,62.22,0.98,0.97,1.00,1.00
288.00,0.25,0.85,71.11,0.98,0.97,1.00,1.00
289.00,0.25,0.85,80.00,0.98,0.98,1.00,1.00
290.00,0.25,0.95,0.00,0.95,0.95,1.00,1.00
291.00,0.25,0.95,8.89,0.98,0.98,1.00,1.00
292.00,0.25,0.95,17.78,0.99,0.99,1.00,1.00
293.00,0.25,0.95,26.67,0.99,0.99,1.00,1.00
294.00,0.25,0.95,35.56,0.99,0.99,1.00,1.00
295.00,0.25,0.95,44.44,0.99,0.99,1.00,1.00
296.00,0.25,0.95,53.33,0.99,0.99,1.00,1.00
297.00,0.25,0.95,62.22,0.99,0.99,1.00,1.00
298.00,0.25,0.95,71.11,0.99,0.99,1.00,1.00
299.00,0.25,0.95,80.00,0.99,0.99,1.00,1.00
300.00,0.35,0.05,0.00,0.05,0.05,1.00,1.00
301.00,0.35,0.05,8.89,0.09,0.10,1.00,1.00
302.00,0.35,0.05,17.78,0.10,0.13,1.00,1.00
303.00,0.35,0.05,26.67,0.12,0.15,1.00,1.00
304.00,0.35,0.05,35.56,0.13,0.16,1.00,1.00
305.00,0.35,0.05,44.44,0.15,0.18,1.00,1.00
306.00,0.35,0.05,53.33,0.16,0.19,1.00,1.00
307.00,0.35,0.05,62.22,0.18,0.20,1.00,1.00
308.00,0.35,0.05,71.11,0.19,0.21,1.00,1.00
309.00,0.35,0.05,80.00,0.20,0.22,1.00,1.00
310.00,0.35,0.15,0.00,0.15,0.15,1.00,1.00
311.00,0.35,0.15,8.89,0.29,0.29,1.00,1.00
312.00,0.35,0.15,17.78,0.36,0.34,1.00,1.00
313.00,0.35,0.15,26.67,0.41,0.38,1.00,1.00
314.00,0.35,0.15,35.56,0.46,0.41,1.00,1.00
315.00,0.35,0.15,44.44,0.49,0.43,1.00,1.00
316.00,0.35,0.15,53.33,0.53,0.45,1.00,1.00
317.00,0.35,0.15,62.22,0.55,0.46,1.00,1.00
318.00,0.35,0.15,71.11,0.58,0.48,1.00,1.00
319.00,0.35,0.15,80.00,0.60,0.49,1.00,1.00
320.00,0.35,0.25,0.00,0.25,0.25,1.00,1.00
321.00,0.35,0.25,8.89,0.47,0.43,1.00,1.00
322.00,0.35,0.25,17.78,0.56,0.50,1.00,1.00
323.00,0.35,0.25,26.67,0.62,0.54,1.00,1.00
324.00,0.35,0.25,35.56,0.66,0.57,1.00,1.00
325.00,0.35,0.25,44.44,0.70,0.59,1.00,1.00
326.00,0.35,0.25,53.33,0.72,0.61,1.00,1.00
327.00,0.35,0.25,62.22,0.74,0.63,1.00,1.00
328.00,0.35,0.25,71.11,0.76,0.64,1.00,1.00
329.00,0.35,0.25,80.00,0.78,0.65,1.00,1.00
330.00,0.35,0.35,0.00,0.35,0.35,1.00,1.00
331.00,0.35,0.35,8.89,0.60,0.56,1.00,1.00
332.00,0.35,0.35,17.78,0.69,0.62,1.00,1.00
333.00,0.35,0.35,26.67,0.74,0.66,1.00,1.00
334.00,0.35,0.35,35.56,0.77,0.69,1.00,1.00
335.00,0.35,0.35,44.44,0.79,0.71,1.00,1.00
336.00,0.35,0.35,53.33,0.81,0.72,1.00,1.00
337.00,0.35,0.35,62.22,0.83,0.73,1.00,1.00
338.00,0.35,0.35,71.11,0.84,0.75,1.00,1.00
339.00,0.35,0.35,80.00,0.85,0.76,1.00,1.00
340.00,0.35,0.45,0.00,0.45,0.45,1.00,1.00
341.00,0.35,0.45,8.89,0.71,0.66,1.00,1.00
342.00,0.35,0.45,17.78,0.76,0.72,1.00,1.00
343.00,0.35,0.45,26.67,0.80,0.75,1.00,1.00
344.00,0.35,0.45,35.56,0.82,0.77,1.00,1.00
345.00,0.35,0.45,44.44,0.84,0.79,1.00,1.00
346.00,0.35,0.45,53.33,0.86,0.80,1.00,1.00
347.00,0.35,0.45,62.22,0.87,0.81,1.00,1.00
348.00,0.35,0.45,71.11,0.87,0.82,1.00,1.00
349.00,0.35,0.45,80.00,0.88,0.83,1.00,1.00
350.00,0.35,0.55,0.00,0.55,0.55,1.00,1.00
351.00,0.35,0.55,8.89,0.79,0.74,1.00,1.00
352.00,0.35,0.55,17.78,0.84,0.79,1.00,1.00
353.00,0.35,0.55,26.67,0.86,0.82,1.00,1.00
354.00,0.35,0.55,35.56,0.87,0.84,1.00,1.00
355.00,0.35,0.55,44.44,0.89,0.85,1.00,1.00
356.00,0.35,0.55,53.33,0.89,0.86,1.00,1.00
357.00,0.35,0.55,62.22,0.90,0.87,1.00,1.00
358.00,0.35,0.55,71.11,0.91,0.88,1.00,1.00
359.00,0.35,0.55,80.00,0.91,0.88,1.00,1.00
360.00,0.35,0.65,0.00,0.65,0.65,1.00,1.00
361.00,0.35,0.65,8.89,0.85,0.82,1.00,1.00
362.00,0.35,0.65,17.78,0.89,0.86,1.00,1.00
363.00,0.35,0.65,26.67,0.90,0.88,1.00,1.00
364.00,0.35,0.65,35.56,0.92,0.89,1.00,1.00
365.00,0.35,0.65,44.44,0.92,0.90,1.00,1.00
366.00,0.35,0.65,53.33,0.93,0.91,1.00,1.00
367.00,0.35,0.65,62.22,0.93,0.91,1.00,1.00
368.00,0.35,0.65,71.11,0.94,0.92,1.00,1.00
369.00,0.35,0.65,80.00,0.94,0.92,1.00,1.00
370.00,0.35,0.75,0.00,0.75,0.75,1.00,1.00
371.00,0.35,0.75,8.89,0.90,0.88,1.00,1.00
372.00,0.35,0.75,17.78,0.93,0.91,1.00,1.00
373.00,0.35,0.75,26.67,0.94,0.92,1.00,1.00
374.00,0.35,0.75,35.56,0.95,0.93,1.00,1.00
375.00,0.35,0.75,44.44,0.95,0.94,1.00,1.00
376.00,0.35,0.75,53.33,0.96,0.94,1.00,1.00
377.00,0.35,0.75,62.22,0.96,0.95,1.00,1.00
378.00,0.35,0.75,71.11,0.96,0.95,1.00,1.00
379.00,0.35,0.75,80.00,0.96,0.95,1.00,1.00
380.00,0.35,0.85,0.00,0.85,0.85,1.00,1.00
381.00,0.35,0.85,8.89,0.95,0.94,1.00,1.00
382.00,0.35,0.85,17.78,0.96,0.95,1.00,1.00
383.00,0.35,0.85,26.67,0.97,0.96,1.00,1.00
384.00,0.35,0.85,35.56,0.97,0.96,1.00,1.00
385.00,0.35,0.85,44.44,0.97,0.97,1.00,1.00
386.00,0.35,0.85,53.33,0.98,0.97,1.00,1.00
387.00,0.35,0.85,62.22,0.98,0.97,1.00,1.00
388.00,0.35,0.85,71.11,0.98,0.97,1.00,1.00
389.00,0.35,0.85,80.00,0.98,0.98,1.00,1.00
390.00,0.35,0.95,0.00,0.95,0.95,1.00,1.00
391.00,0.35,0.95,8.89,0.98,0.98,1.00,1.00
392.00,0.35,0.95,17.78,0.99,0.99,1.00,1.00
393.00,0.35,0.95,26.67,0.99,0.99,1.00,1.00
394.00,0.35,0.95,35.56,0.99,0.99,1.00,1.00
395.00,0.35,0.95,44.44,0.99,0.99,1.00,1.00
396.00,0.35,0.95,53.33,0.99,0.99,1.00,1.00
397.00,0.35,0.95,62.22,0.99,0.99,1.00,1.00
398.00,0.35,0.95,71.11,1.01,0.99,1.00,1.00
399.00,0.35,0.95,80.00,0.99,0.99,1.00,1.00
400.00,0.45,0.05,0.00,0.05,0.05,1.00,1.00
401.00,0.45,0.05,8.89,0.08,0.10,1.00,1.00
402.00,0.45,0.05,17.78,0.09,0.13,1.00,1.00
403.00,0.45,0.05,26.67,0.11,0.15,1.00,1.00
404.00,0.45,0.05,35.56,0.13,0.16,1.00,1.00
405.00,0.45,0.05,44.44,0.15,0.17,1.00,1.00
406.00,0.45,0.05,53.33,0.16,0.19,1.00,1.00
407.00,0.45,0.05,62.22,0.18,0.20,1.00,1.00
408.00,0.45,0.05,71.11,0.19,0.20,1.00,1.00
409.00,0.45,0.05,80.00,0.22,0.21,1.00,1.00
410.00,0.45,0.15,0.00,0.15,0.15,1.00,1.00
411.00,0.45,0.15,8.89,0.28,0.28,1.00,1.00
412.00,0.45,0.15,17.78,0.35,0.34,1.00,1.00
413.00,0.45,0.15,26.67,0.42,0.37,1.00,1.00
414.00,0.45,0.15,35.56,0.46,0.40,1.00,1.00
415.00,0.45,0.15,44.44,0.50,0.42,1.00,1.00
416.00,0.45,0.15,53.33,0.53,0.44,1.00,1.00
417.00,0.45,0.15,62.22,0.56,0.46,1.00,1.00
418.00,0.45,0.15,71.11,0.58,0.47,1.00,1.00
419.00,0.45,0.15,80.00,0.60,0.49,1.00,1.00
420.00,0.45,0.25,0.00,0.25,0.25,1.00,1.00
421.00,0.45,0.25,8.89,0.47,0.43,1.00,1.00
422.00,0.45,0.25,17.78,0.56,0.49,1.00,1.00
423.00,0.45,0.25,26.67,0.63,0.53,1.00,1.00
424.00,0.45,0.25,35.56,0.67,0.56,1.00,1.00
425.00,0.45,0.25,44.44,0.71,0.59,1.00,1.00
426.00,0.45,0.25,53.33,0.73,0.61,1.00,1.00
427.00,0.45,0.25,62.22,0.75,0.62,1.00,1.00
428.00,0.45,0.25,71.11,0.77,0.64,1.00,1.00
429.00,0.45,0.25,80.00,0.79,0.65,1.00,1.00
430.00,0.45,0.35,0.00,0.35,0.35,1.00,1.00
431.00,0.45,0.35,8.89,0.61,0.55,1.00,1.00
432.00,0.45,0.35,17.78,0.70,0.62,1.00,1.00
433.00,0.45,0.35,26.67,0.75,0.65,1.00,1.00
434.00,0.45,0.35,35.56,0.79,0.68,1.00,1.00
435.00,0.45,0.35,44.44,0.81,0.70,1.00,1.00
436.00,0.45,0.35,53.33,0.83,0.72,1.00,1.00
437.00,0.45,0.35,62.22,0.84,0.73,1.00,1.00
438.00,0.45,0.35,71.11,0.86,0.74,1.00,1.00
439.00,0.45,0.35,80.00,0.87,0.75,1.00,1.00
440.00,0.45,0.45,0.00,0.45,0.45,1.00,1.00
441.00,0.45,0.45,8.89,0.71,0.65,1.00,1.00
442.00,0.45,0.45,17.78,0.78,0.71,1.00,1.00
443.00,0.45,0.45,26.67,0.82,0.75,1.00,1.00
444.00,0.45,0.45,35.56,0.85,0.77,1.00,1.00
445.00,0.45,0.45,44.44,0.86,0.78,1.00,1.00
446.00,0.45,0.45,53.33,0.88,0.80,1.00,1.00
447.00,0.45,0.45,62.22,0.89,0.81,1.00,1.00
448.00,0.45,0.45,71.11,0.90,0.82,1.00,1.00
449.00,0.45,0.45,80.00,0.90,0.83,1.00,1.00
450.00,0.45,0.55,0.00,0.55,0.55,1.00,1.00
451.00,0.45,0.55,8.89,0.78,0.74,1.00,1.00
452.00,0.45,0.55,17.78,0.84,0.79,1.00,1.00
453.00,0.45,0.55,26.67,0.86,0.82,1.00,1.00
454.00,0.45,0.55,35.56,0.88,0.84,1.00,1.00
455.00,0.45,0.55,44.44,0.89,0.85,1.00,1.00
456.00,0.45,0.55,53.33,0.90,0.86,1.00,1.00
457.00,0.45,0.55,62.22,0.98,0.87,1.00,1.00
458.00,0.45,0.55,71.11,0.97,0.87,1.00,1.00
459.00,0.45,0.55,80.00,0.97,0.88,1.00,1.00
460.00,0.45,0.65,0.00,0.65,0.65,1.00,1.00
461.00,0.45,0.65,8.89,0.85,0.82,1.00,1.00
462.00,0.45,0.65,17.78,0.88,0.85,1.00,1.00
463.00,0.45,0.65,26.67,0.90,0.87,1.00,1.00
464.00,0.45,0.65,35.56,0.91,0.89,1.00,1.00
465.00,0.45,0.65,44.44,0.99,0.90,1.00,1.00
466.00,0.45,0.65,53.33,0.98,0.90,1.00,1.00
467.00,0.45,0.65,62.22,0.98,0.91,1.00,1.00
468.00,0.45,0.65,71.11,0.94,0.92,1.00,1.00
469.00,0.45,0.65,80.00,0.94,0.92,1.00,1.00
470.00,0.45,0.75,0.00,0.75,0.75,1.00,1.00
471.00,0.45,0.75,8.89,0.90,0.88,1.00,1.00
472.00,0.45,0.75,17.78,0.93,0.91,1.00,1.00
473.00,0.45,0.75,26.67,0.94,0.92,1.00,1.00
474.00,0.45,0.75,35.56,0.95,0.93,1.00,1.00
475.00,0.45,0.75,44.44,0.95,0.94,1.00,1.00
476.00,0.45,0.75,53.33,0.95,0.94,1.00,1.00
477.00,0.45,0.75,62.22,0.96,0.94,1.00,1.00
478.00,0.45,0.75,71.11,0.96,0.95,1.00,1.00
479.00,0.45,0.75,80.00,0.96,0.95,1.00,1.00
480.00,0.45,0.85,0.00,0.85,0.85,1.00,1.00
481.00,0.45,0.85,8.89,0.95,0.93,1.00,1.00
482.00,0.45,0.85,17.78,0.96,0.95,1.00,1.00
483.00,0.45,0.85,26.67,0.97,0.96,1.00,1.00
484.00,0.45,0.85,35.56,0.97,0.96,1.00,1.00
485.00,0.45,0.85,44.44,1.03,0.97,1.00,1.00
486.00,0.45,0.85,53.33,1.03,0.97,1.00,1.00
487.00,0.45,0.85,62.22,1.02,0.97,1.00,1.00
488.00,0.45,0.85,71.11,1.02,0.97,1.00,1.00
489.00,0.45,0.85,80.00,1.02,0.97,1.00,1.00
490.00,0.45,0.95,0.00,0.95,0.95,1.00,1.00
491.00,0.45,0.95,8.89,0.98,0.98,1.00,1.00
492.00,0.45,0.95,17.78,0.99,0.99,1.00,1.00
493.00,0.45,0.95,26.67,0.99,0.99,1.00,1.00
494.00,0.45,0.95,35.56,1.01,0.99,1.00,1.00
495.00,0.45,0.95,44.44,0.99,0.99,1.00,1.00
496.00,0.45,0.95,53.33,0.99,0.99,1.00,1.00
497.00,0.45,0.95,62.22,0.99,0.99,1.00,1.00
498.00,0.45,0.95,71.11,0.99,0.99,1.00,1.00
499.00,0.45,0.95,80.00,0.99,0.99,1.00,1.00
500.00,0.55,0.05,0.00,0.05,0.05,1.00,1.00
501.00,0.55,0.05,8.89,0.07,0.10,1.00,1.00
502.00,0.55,0.05,17.78,0.09,0.13,1.00,1.00
503.00,0.55,0.05,26.67,0.11,0.14,1.00,1.00
504.00,0.55,0.05,35.56,0.12,0.16,1.00,1.00
505.00,0.55,0.05,44.44,0.15,0.17,1.00,1.00
506.00,0.55,0.05,53.33,0.21,0.18,1.00,1.00
507.00,0.55,0.05,62.22,0.25,0.19,1.00,1.00
508.00,0.55,0.05,71.11,0.29,0.20,1.00,1.00
509.00,0.55,0.05,80.00,0.32,0.21,1.00,1.00
510.00,0.55,0.15,0.00,0.15,0.15,1.00,1.00
511.00,0.55,0.15,8.89,0.27,0.28,1.00,1.00
512.00,0.55,0.15,17.78,0.36,0.33,1.00,1.00
513.00,0.55,0.15,26.67,0.42,0.37,1.00,1.00
514.00,0.55,0.15,35.56,0.47,0.40,1.00,1.00
515.00,0.55,0.15,44.44,0.51,0.42,1.00,1.00
516.00,0.55,0.15,53.33,0.54,0.44,1.00,1.00
517.00,0.55,0.15,62.22,0.56,0.46,1.00,1.00
518.00,0.55,0.15,71.11,0.59,0.47,1.00,1.00
519.00,0.55,0.15,80.00,0.61,0.48,1.00,1.00
520.00,0.55,0.25,0.00,0.25,0.25,1.00,1.00
521.00,0.55,0.25,8.89,0.47,0.43,1.00,1.00
522.00,0.55,0.25,17.78,0.57,0.49,1.00,1.00
523.00,0.55,0.25,26.67,0.63,0.53,1.00,1.00
524.00,0.55,0.25,35.56,0.68,0.56,1.00,1.00
525.00,0.55,0.25,44.44,0.71,0.58,1.00,1.00
526.00,0.55,0.25,53.33,0.74,0.60,1.00,1.00
527.00,0.55,0.25,62.22,0.76,0.62,1.00,1.00
528.00,0.55,0.25,71.11,0.78,0.63,1.00,1.00
529.00,0.55,0.25,80.00,0.80,0.64,1.00,1.00
530.00,0.55,0.35,0.00,0.35,0.35,1.00,1.00
531.00,0.55,0.35,8.89,0.62,0.55,1.00,1.00
532.00,0.55,0.35,17.78,0.71,0.61,1.00,1.00
533.00,0.55,0.35,26.67,0.76,0.65,1.00,1.00
534.00,0.55,0.35,35.56,0.80,0.68,1.00,1.00
535.00,0.55,0.35,44.44,0.82,0.70,1.00,1.00
536.00,0.55,0.35,53.33,0.84,0.71,1.00,1.00
537.00,0.55,0.35,62.22,0.84,0.73,1.00,1.00
538.00,0.55,0.35,71.11,0.87,0.74,1.00,1.00
539.00,0.55,0.35,80.00,0.22,0.75,0.00,1.00
540.00,0.55,0.45,0.00,0.45,0.45,1.00,1.00
541.00,0.55,0.45,8.89,0.72,0.65,1.00,1.00
542.00,0.55,0.45,17.78,0.80,0.71,1.00,1.00
543.00,0.55,0.45,26.67,0.84,0.74,1.00,1.00
544.00,0.55,0.45,35.56,0.86,0.76,1.00,1.00
545.00,0.55,0.45,44.44,0.88,0.78,1.00,1.00
546.00,0.55,0.45,53.33,0.89,0.79,1.00,1.00
547.00,0.55,0.45,62.22,0.90,0.81,1.00,1.00
548.00,0.55,0.45,71.11,0.93,0.81,1.00,1.00
549.00,0.55,0.45,80.00,0.94,0.82,1.00,1.00
550.00,0.55,0.55,0.00,0.55,0.55,1.00,1.00
551.00,0.55,0.55,8.89,0.79,0.74,1.00,1.00
552.00,0.55,0.55,17.78,0.85,0.79,1.00,1.00
553.00,0.55,0.55,26.67,0.88,0.81,1.00,1.00
554.00,0.55,0.55,35.56,0.90,0.83,1.00,1.00
555.00,0.55,0.55,44.44,0.91,0.85,1.00,1.00
556.00,0.55,0.55,53.33,0.92,0.86,1.00,1.00
557.00,0.55,0.55,62.22,0.98,0.86,1.00,1.00
558.00,0.55,0.55,71.11,0.98,0.87,1.00,1.00
559.00,0.55,0.55,80.00,0.98,0.88,1.00,1.00
560.00,0.55,0.65,0.00,0.65,0.65,1.00,1.00
561.00,0.55,0.65,8.89,0.90,0.81,1.00,1.00
562.00,0.55,0.65,17.78,0.02,0.85,0.00,1.00
563.00,0.55,0.65,26.67,0.97,0.87,1.00,1.00
564.00,0.55,0.65,35.56,0.99,0.89,1.00,1.00
565.00,0.55,0.65,44.44,0.99,0.90,1.00,1.00
566.00,0.55,0.65,53.33,0.99,0.90,1.00,1.00
567.00,0.55,0.65,62.22,0.98,0.91,1.00,1.00
568.00,0.55,0.65,71.11,0.99,0.91,1.00,1.00
569.00,0.55,0.65,80.00,0.99,0.92,1.00,1.00
570.00,0.55,0.75,0.00,0.75,0.75,1.00,1.00
571.00,0.55,0.75,8.89,0.90,0.88,1.00,1.00
572.00,0.55,0.75,17.78,0.01,0.91,0.00,1.00
573.00,0.55,0.75,26.67,0.97,0.92,1.00,1.00
574.00,0.55,0.75,35.56,0.97,0.93,1.00,1.00
575.00,0.55,0.75,44.44,0.98,0.93,1.00,1.00
576.00,0.55,0.75,53.33,0.98,0.94,1.00,1.00
577.00,0.55,0.75,62.22,0.98,0.94,1.00,1.00
578.00,0.55,0.75,71.11,0.99,0.95,1.00,1.00
579.00,0.55,0.75,80.00,0.99,0.95,1.00,1.00
580.00,0.55,0.85,0.00,0.85,0.85,1.00,1.00
581.00,0.55,0.85,8.89,0.94,0.93,1.00,1.00
582.00,0.55,0.85,17.78,0.96,0.95,1.00,1.00
583.00,0.55,0.85,26.67,0.97,0.96,1.00,1.00
584.00,0.55,0.85,35.56,0.97,0.96,1.00,1.00
585.00,0.55,0.85,44.44,0.97,0.97,1.00,1.00
586.00,0.55,0.85,53.33,0.98,0.97,1.00,1.00
587.00,0.55,0.85,62.22,0.98,0.97,1.00,1.00
588.00,0.55,0.85,71.11,0.98,0.97,1.00,1.00
589.00,0.55,0.85,80.00,0.98,0.97,1.00,1.00
590.00,0.55,0.95,0.00,0.95,0.95,1.00,1.00
591.00,0.55,0.95,8.89,0.98,0.98,1.00,1.00
592.00,0.55,0.95,17.78,0.99,0.99,1.00,1.00
593.00,0.55,0.95,26.67,0.99,0.99,1.00,1.00
594.00,0.55,0.95,35.56,0.99,0.99,1.00,1.00
595.00,0.55,0.95,44.44,0.99,0.99,1.00,1.00
596.00,0.55,0.95,53.33,0.99,0.99,1.00,1.00
597.00,0.55,0.95,62.22,1.01,0.99,1.00,1.00
598.00,0.55,0.95,71.11,0.99,0.99,1.00,1.00
599.00,0.55,0.95,80.00,0.99,0.99,1.00,1.00
600.00,0.65,0.05,0.00,0.05,0.05,1.00,1.00
601.00,0.65,0.05,8.89,0.06,0.10,1.00,1.00
602.00,0.65,0.05,17.78,0.08,0.13,1.00,1.00
603.00,0.65,0.05,26.67,0.11,0.14,1.00,1.00
604.00,0.65,0.05,35.56,0.17,0.16,1.00,1.00
605.00,0.65,0.05,44.44,0.23,0.17,1.00,1.00
606.00,0.65,0.05,53.33,0.28,0.18,1.00,1.00
607.00,0.65,0.05,62.22,0.32,0.19,1.00,1.00
608.00,0.65,0.05,71.11,0.35,0.20,1.00,1.00
609.00,0.65,0.05,80.00,0.37,0.21,1.00,1.00
610.00,0.65,0.15,0.00,0.15,0.15,1.00,1.00
611.00,0.65,0.15,8.89,0.28,0.28,1.00,1.00
612.00,0.65,0.15,17.78,0.36,0.33,1.00,1.00
613.00,0.65,0.15,26.67,0.43,0.37,1.00,1.00
614.00,0.65,0.15,35.56,0.47,0.40,1.00,1.00
615.00,0.65,0.15,44.44,0.51,0.42,1.00,1.00
616.00,0.65,0.15,53.33,0.54,0.44,1.00,1.00
617.00,0.65,0.15,62.22,0.57,0.45,1.00,1.00
618.00,0.65,0.15,71.11,0.59,0.47,1.00,1.00
619.00,0.65,0.15,80.00,0.61,0.48,1.00,1.00
620.00,0.65,0.25,0.00,0.25,0.25,1.00,1.00
621.00,0.65,0.25,8.89,0.48,0.42,1.00,1.00
622.00,0.65,0.25,17.78,0.57,0.49,1.00,1.00
623.00,0.65,0.25,26.67,0.64,0.53,1.00,1.00
624.00,0.65,0.25,35.56,0.68,0.56,1.00,1.00
625.00,0.65,0.25,44.44,0.72,0.58,1.00,1.00
626.00,0.65,0.25,53.33,0.75,0.60,1.00,1.00
627.00,0.65,0.25,62.22,0.77,0.62,1.00,1.00
628.00,0.65,0.25,71.11,0.79,0.63,1.00,1.00
629.00,0.65,0.25,80.00,0.80,0.64,1.00,1.00
630.00,0.65,0.35,0.00,0.35,0.35,1.00,1.00
631.00,0.65,0.35,8.89,0.62,0.54,1.00,1.00
632.00,0.65,0.35,17.78,0.72,0.61,1.00,1.00
633.00,0.65,0.35,26.67,0.77,0.65,1.00,1.00
634.00,0.65,0.35,35.56,0.80,0.67,1.00,1.00
635.00,0.65,0.35,44.44,0.83,0.69,1.00,1.00
636.00,0.65,0.35,53.33,0.83,0.71,1.00,1.00
637.00,0.65,0.35,62.22,0.35,0.72,0.00,1.00
638.00,0.65,0.35,71.11,0.84,0.74,1.00,1.00
639.00,0.65,0.35,80.00,0.86,0.75,1.00,1.00
640.00,0.65,0.45,0.00,0.45,0.45,1.00,1.00
641.00,0.65,0.45,8.89,0.73,0.65,1.00,1.00
642.00,0.65,0.45,17.78,0.81,0.71,1.00,1.00
643.00,0.65,0.45,26.67,0.80,0.74,1.00,1.00
644.00,0.65,0.45,35.56,0.87,0.76,1.00,1.00
645.00,0.65,0.45,44.44,0.89,0.78,1.00,1.00
646.00,0.65,0.45,53.33,0.90,0.79,1.00,1.00
647.00,0.65,0.45,62.22,0.90,0.80,1.00,1.00
648.00,0.65,0.45,71.11,0.93,0.81,1.00,1.00
649.00,0.65,0.45,80.00,0.92,0.82,1.00,1.00
650.00,0.65,0.55,0.00,0.55,0.55,1.00,1.00
651.00,0.65,0.55,8.89,0.80,0.74,1.00,1.00
652.00,0.65,0.55,17.78,0.86,0.78,1.00,1.00
653.00,0.65,0.55,26.67,0.93,0.81,1.00,1.00
654.00,0.65,0.55,35.56,0.91,0.83,1.00,1.00
655.00,0.65,0.55,44.44,0.97,0.84,1.00,1.00
656.00,0.65,0.55,53.33,0.93,0.85,1.00,1.00
657.00,0.65,0.55,62.22,0.99,0.86,1.00,1.00
658.00,0.65,0.55,71.11,0.94,0.87,1.00,1.00
659.00,0.65,0.55,80.00,0.99,0.87,1.00,1.00
660.00,0.65,0.65,0.00,0.65,0.65,1.00,1.00
661.00,0.65,0.65,8.89,0.87,0.81,1.00,1.00
662.00,0.65,0.65,17.78,0.95,0.85,1.00,1.00
663.00,0.65,0.65,26.67,0.94,0.87,1.00,1.00
664.00,0.65,0.65,35.56,0.95,0.88,1.00,1.00
665.00,0.65,0.65,44.44,0.95,0.89,1.00,1.00
666.00,0.65,0.65,53.33,0.96,0.90,1.00,1.00
667.00,0.65,0.65,62.22,0.96,0.91,1.00,1.00
668.00,0.65,0.65,71.11,0.97,0.91,1.00,1.00
669.00,0.65,0.65,80.00,0.97,0.92,1.00,1.00
670.00,0.65,0.75,0.00,0.75,0.75,1.00,1.00
671.00,0.65,0.75,8.89,0.95,0.88,1.00,1.00
672.00,0.65,0.75,17.78,0.99,0.90,1.00,1.00
673.00,0.65,0.75,26.67,0.98,0.92,1.00,1.00
674.00,0.65,0.75,35.56,0.96,0.93,1.00,1.00
675.00,0.65,0.75,44.44,0.95,0.93,1.00,1.00
676.00,0.65,0.75,53.33,0.97,0.94,1.00,1.00
677.00,0.65,0.75,62.22,0.98,0.94,1.00,1.00
678.00,0.65,0.75,71.11,0.99,0.95,1.00,1.00
679.00,0.65,0.75,80.00,0.99,0.95,1.00,1.00
680.00,0.65,0.85,0.00,0.85,0.85,1.00,1.00
681.00,0.65,0.85,8.89,0.94,0.93,1.00,1.00
682.00,0.65,0.85,17.78,0.98,0.95,1.00,1.00
683.00,0.65,0.85,26.67,0.97,0.96,1.00,1.00
684.00,0.65,0.85,35.56,0.99,0.96,1.00,1.00
685.00,0.65,0.85,44.44,0.99,0.97,1.00,1.00
686.00,0.65,0.85,53.33,0.98,0.97,1.00,1.00
687.00,0.65,0.85,62.22,0.99,0.97,1.00,1.00
688.00,0.65,0.85,71.11,1.00,0.97,1.00,1.00
689.00,0.65,0.85,80.00,0.98,0.97,1.00,1.00
690.00,0.65,0.95,0.00,1.03,0.95,1.00,1.00
691.00,0.65,0.95,8.89,0.98,0.98,1.00,1.00
692.00,0.65,0.95,17.78,0.99,0.99,1.00,1.00
693.00,0.65,0.95,26.67,1.01,0.99,1.00,1.00
694.00,0.65,0.95,35.56,1.01,0.99,1.00,1.00
695.00,0.65,0.95,44.44,1.01,0.99,1.00,1.00
696.00,0.65,0.95,53.33,1.01,0.99,1.00,1.00
697.00,0.65,0.95,62.22,1.01,0.99,1.00,1.00
698.00,0.65,0.95,71.11,1.01,0.99,1.00,1.00
699.00,0.65,0.95,80.00,1.01,0.99,1.00,1.00
700.00,0.75,0.05,0.00,0.05,0.05,1.00,1.00
701.00,0.75,0.05,8.89,0.06,0.10,1.00,1.00
702.00,0.75,0.05,17.78,0.09,0.12,1.00,1.00
703.00,0.75,0.05,26.67,0.16,0.14,1.00,1.00
704.00,0.75,0.05,35.56,0.23,0.16,1.00,1.00
705.00,0.75,0.05,44.44,0.28,0.17,1.00,1.00
706.00,0.75,0.05,53.33,0.32,0.18,1.00,1.00
707.00,0.75,0.05,62.22,0.35,0.19,1.00,1.00
708.00,0.75,0.05,71.11,0.38,0.20,1.00,1.00
709.00,0.75,0.05,80.00,0.40,0.21,1.00,1.00
710.00,0.75,0.15,0.00,0.15,0.15,1.00,1.00
711.00,0.75,0.15,8.89,0.28,0.28,1.00,1.00
712.00,0.75,0.15,17.78,0.36,0.33,1.00,1.00
713.00,0.75,0.15,26.67,0.44,0.37,1.00,1.00
714.00,0.75,0.15,35.56,0.48,0.39,1.00,1.00
715.00,0.75,0.15,44.44,0.51,0.42,1.00,1.00
716.00,0.75,0.15,53.33,0.54,0.44,1.00,1.00
717.00,0.75,0.15,62.22,0.57,0.45,1.00,1.00
718.00,0.75,0.15,71.11,0.60,0.47,1.00,1.00
719.00,0.75,0.15,80.00,0.61,0.48,1.00,1.00
720.00,0.75,0.25,0.00,0.25,0.25,1.00,1.00
721.00,0.75,0.25,8.89,0.48,0.42,1.00,1.00
722.00,0.75,0.25,17.78,0.58,0.48,1.00,1.00
723.00,0.75,0.25,26.67,0.65,0.53,1.00,1.00
724.00,0.75,0.25,35.56,0.69,0.56,1.00,1.00
725.00,0.75,0.25,44.44,0.72,0.58,1.00,1.00
726.00,0.75,0.25,53.33,0.75,0.60,1.00,1.00
727.00,0.75,0.25,62.22,0.82,0.61,1.00,1.00
728.00,0.75,0.25,71.11,0.79,0.63,1.00,1.00
729.00,0.75,0.25,80.00,0.84,0.64,1.00,1.00
730.00,0.75,0.35,0.00,0.35,0.35,1.00,1.00
731.00,0.75,0.35,8.89,0.63,0.54,1.00,1.00
732.00,0.75,0.35,17.78,0.72,0.61,1.00,1.00
733.00,0.75,0.35,26.67,0.78,0.64,1.00,1.00
734.00,0.75,0.35,35.56,0.81,0.67,1.00,1.00
735.00,0.75,0.35,44.44,0.83,0.69,1.00,1.00
736.00,0.75,0.35,53.33,0.85,0.71,1.00,1.00
737.00,0.75,0.35,62.22,0.85,0.72,1.00,1.00
738.00,0.75,0.35,71.11,0.86,0.73,1.00,1.00
739.00,0.75,0.35,80.00,0.42,0.74,0.00,1.00
740.00,0.75,0.45,0.00,0.45,0.45,1.00,1.00
741.00,0.75,0.45,8.89,0.74,0.65,1.00,1.00
742.00,0.75,0.45,17.78,0.81,0.70,1.00,1.00
743.00,0.75,0.45,26.67,0.85,0.74,1.00,1.00
744.00,0.75,0.45,35.56,0.83,0.76,1.00,1.00
745.00,0.75,0.45,44.44,0.85,0.78,1.00,1.00
746.00,0.75,0.45,53.33,0.86,0.79,1.00,1.00
747.00,0.75,0.45,62.22,0.93,0.80,1.00,1.00
748.00,0.75,0.45,71.11,0.93,0.81,1.00,1.00
749.00,0.75,0.45,80.00,0.98,0.82,1.00,1.00
750.00,0.75,0.55,0.00,0.55,0.55,1.00,1.00
751.00,0.75,0.55,8.89,0.81,0.73,1.00,1.00
752.00,0.75,0.55,17.78,0.87,0.78,1.00,1.00
753.00,0.75,0.55,26.67,0.93,0.81,1.00,1.00
754.00,0.75,0.55,35.56,0.91,0.83,1.00,1.00
755.00,0.75,0.55,44.44,0.98,0.84,1.00,1.00
756.00,0.75,0.55,53.33,0.99,0.85,1.00,1.00
757.00,0.75,0.55,62.22,0.99,0.86,1.00,1.00
758.00,0.75,0.55,71.11,0.99,0.87,1.00,1.00
759.00,0.75,0.55,80.00,0.99,0.87,1.00,1.00
760.00,0.75,0.65,0.00,0.65,0.65,1.00,1.00
761.00,0.75,0.65,8.89,0.87,0.81,1.00,1.00
762.00,0.75,0.65,17.78,0.89,0.85,1.00,1.00
763.00,0.75,0.65,26.67,0.96,0.87,1.00,1.00
764.00,0.75,0.65,35.56,0.97,0.88,1.00,1.00
765.00,0.75,0.65,44.44,0.97,0.89,1.00,1.00
766.00,0.75,0.65,53.33,0.97,0.90,1.00,1.00
767.00,0.75,0.65,62.22,0.97,0.91,1.00,1.00
768.00,0.75,0.65,71.11,0.97,0.91,1.00,1.00
769.00,0.75,0.65,80.00,0.97,0.91,1.00,1.00
770.00,0.75,0.75,0.00,0.75,0.75,1.00,1.00
771.00,0.75,0.75,8.89,0.95,0.88,1.00,1.00
772.00,0.75,0.75,17.78,0.99,0.90,1.00,1.00
773.00,0.75,0.75,26.67,0.95,0.92,1.00,1.00
774.00,0.75,0.75,35.56,0.96,0.93,1.00,1.00
775.00,0.75,0.75,44.44,0.96,0.93,1.00,1.00
776.00,0.75,0.75,53.33,0.96,0.94,1.00,1.00
777.00,0.75,0.75,62.22,0.97,0.94,1.00,1.00
778.00,0.75,0.75,71.11,0.97,0.94,1.00,1.00
779.00,0.75,0.75,80.00,0.97,0.95,1.00,1.00
780.00,0.75,0.85,0.00,0.85,0.85,1.00,1.00
781.00,0.75,0.85,8.89,0.96,0.93,1.00,1.00
782.00,0.75,0.85,17.78,0.97,0.95,1.00,1.00
783.00,0.75,0.85,26.67,0.98,0.96,1.00,1.00
784.00,0.75,0.85,35.56,0.98,0.96,1.00,1.00
785.00,0.75,0.85,44.44,0.98,0.96,1.00,1.00
786.00,0.75,0.85,53.33,0.98,0.97,1.00,1.00
787.00,0.75,0.85,62.22,0.98,0.97,1.00,1.00
788.00,0.75,0.85,71.11,0.99,0.97,1.00,1.00
789.00,0.75,0.85,80.00,0.99,0.97,1.00,1.00
790.00,0.75,0.95,0.00,0.95,0.95,1.00,1.00
791.00,0.75,0.95,8.89,0.98,0.98,1.00,1.00
792.00,0.75,0.95,17.78,0.99,0.98,1.00,1.00
793.00,0.75,0.95,26.67,0.99,0.99,1.00,1.00
794.00,0.75,0.95,35.56,0.99,0.99,1.00,1.00
795.00,0.75,0.95,44.44,0.99,0.99,1.00,1.00
796.00,0.75,0.95,53.33,0.99,0.99,1.00,1.00
797.00,0.75,0.95,62.22,0.99,0.99,1.00,1.00
798.00,0.75,0.95,71.11,0.99,0.99,1.00,1.00
799.00,0.75,0.95,80.00,0.99,0.99,1.00,1.00
800.00,0.85,0.05,0.00,0.05,0.05,1.00,1.00
801.00,0.85,0.05,8.89,0.06,0.10,1.00,1.00
802.00,0.85,0.05,17.78,0.12,0.12,1.00,1.00
803.00,0.85,0.05,26.67,0.21,0.14,1.00,1.00
804.00,0.85,0.05,35.56,0.26,0.16,1.00,1.00
805.00,0.85,0.05,44.44,0.31,0.17,1.00,1.00
806.00,0.85,0.05,53.33,0.34,0.18,1.00,1.00
807.00,0.85,0.05,62.22,0.37,0.19,1.00,1.00
808.00,0.85,0.05,71.11,0.40,0.20,1.00,1.00
809.00,0.85,0.05,80.00,0.42,0.21,1.00,1.00
810.00,0.85,0.15,0.00,0.15,0.15,1.00,1.00
811.00,0.85,0.15,8.89,0.29,0.27,1.00,1.00
812.00,0.85,0.15,17.78,0.38,0.33,1.00,1.00
813.00,0.85,0.15,26.67,0.43,0.37,1.00,1.00
814.00,0.85,0.15,35.56,0.48,0.39,1.00,1.00
815.00,0.85,0.15,44.44,0.51,0.42,1.00,1.00
816.00,0.85,0.15,53.33,0.56,0.44,1.00,1.00
817.00,0.85,0.15,62.22,0.59,0.45,1.00,1.00
818.00,0.85,0.15,71.11,0.61,0.47,1.00,1.00
819.00,0.85,0.15,80.00,0.63,0.48,1.00,1.00
820.00,0.85,0.25,0.00,0.25,0.25,1.00,1.00
821.00,0.85,0.25,8.89,0.49,0.42,1.00,1.00
822.00,0.85,0.25,17.78,0.58,0.48,1.00,1.00
823.00,0.85,0.25,26.67,0.65,0.52,1.00,1.00
824.00,0.85,0.25,35.56,0.69,0.55,1.00,1.00
825.00,0.85,0.25,44.44,0.73,0.58,1.00,1.00
826.00,0.85,0.25,53.33,0.79,0.60,1.00,1.00
827.00,0.85,0.25,62.22,0.81,0.61,1.00,1.00
828.00,0.85,0.25,71.11,0.82,0.63,1.00,1.00
829.00,0.85,0.25,80.00,0.83,0.64,1.00,1.00
830.00,0.85,0.35,0.00,0.35,0.35,1.00,1.00
831.00,0.85,0.35,8.89,0.63,0.54,1.00,1.00
832.00,0.85,0.35,17.78,0.73,0.60,1.00,1.00
833.00,0.85,0.35,26.67,0.78,0.64,1.00,1.00
834.00,0.85,0.35,35.56,0.81,0.67,1.00,1.00
835.00,0.85,0.35,44.44,0.84,0.69,1.00,1.00
836.00,0.85,0.35,53.33,0.93,0.71,1.00,1.00
837.00,0.85,0.35,62.22,0.93,0.72,1.00,1.00
838.00,0.85,0.35,71.11,0.94,0.73,1.00,1.00
839.00,0.85,0.35,80.00,0.95,0.74,1.00,1.00
840.00,0.85,0.45,0.00,0.45,0.45,1.00,1.00
841.00,0.85,0.45,8.89,0.74,0.64,1.00,1.00
842.00,0.85,0.45,17.78,0.81,0.70,1.00,1.00
843.00,0.85,0.45,26.67,0.85,0.74,1.00,1.00
844.00,0.85,0.45,35.56,0.88,0.76,1.00,1.00
845.00,0.85,0.45,44.44,0.97,0.78,1.00,1.00
846.00,0.85,0.45,53.33,0.98,0.79,1.00,1.00
847.00,0.85,0.45,62.22,0.98,0.80,1.00,1.00
848.00,0.85,0.45,71.11,0.98,0.81,1.00,1.00
849.00,0.85,0.45,80.00,0.99,0.82,1.00,1.00
850.00,0.85,0.55,0.00,0.55,0.55,1.00,1.00
851.00,0.85,0.55,8.89,0.81,0.73,1.00,1.00
852.00,0.85,0.55,17.78,0.90,0.78,1.00,1.00
853.00,0.85,0.55,26.67,0.91,0.81,1.00,1.00
854.00,0.85,0.55,35.56,0.91,0.83,1.00,1.00
855.00,0.85,0.55,44.44,0.91,0.84,1.00,1.00
856.00,0.85,0.55,53.33,0.93,0.85,1.00,1.00
857.00,0.85,0.55,62.22,0.94,0.86,1.00,1.00
858.00,0.85,0.55,71.11,0.94,0.87,1.00,1.00
859.00,0.85,0.55,80.00,0.94,0.87,1.00,1.00
860.00,0.85,0.65,0.00,0.65,0.65,1.00,1.00
861.00,0.85,0.65,8.89,0.93,0.81,1.00,1.00
862.00,0.85,0.65,17.78,0.92,0.85,1.00,1.00
863.00,0.85,0.65,26.67,0.94,0.87,1.00,1.00
864.00,0.85,0.65,35.56,0.95,0.88,1.00,1.00
865.00,0.85,0.65,44.44,0.96,0.89,1.00,1.00
866.00,0.85,0.65,53.33,0.96,0.90,1.00,1.00
867.00,0.85,0.65,62.22,0.96,0.90,1.00,1.00
868.00,0.85,0.65,71.11,0.96,0.91,1.00,1.00
869.00,0.85,0.65,80.00,0.96,0.91,1.00,1.00
870.00,0.85,0.75,0.00,0.75,0.75,1.00,1.00
871.00,0.85,0.75,8.89,0.93,0.87,1.00,1.00
872.00,0.85,0.75,17.78,0.96,0.90,1.00,1.00
873.00,0.85,0.75,26.67,0.94,0.92,1.00,1.00
874.00,0.85,0.75,35.56,0.95,0.92,1.00,1.00
875.00,0.85,0.75,44.44,0.99,0.93,1.00,1.00
876.00,0.85,0.75,53.33,0.99,0.94,1.00,1.00
877.00,0.85,0.75,62.22,0.01,0.94,0.00,1.00
878.00,0.85,0.75,71.11,0.98,0.94,1.00,1.00
879.00,0.85,0.75,80.00,0.98,0.95,1.00,1.00
880.00,0.85,0.85,0.00,0.85,0.85,1.00,1.00
881.00,0.85,0.85,8.89,0.96,0.93,1.00,1.00
882.00,0.85,0.85,17.78,0.97,0.95,1.00,1.00
883.00,0.85,0.85,26.67,0.97,0.96,1.00,1.00
884.00,0.85,0.85,35.56,0.97,0.96,1.00,1.00
885.00,0.85,0.85,44.44,0.98,0.96,1.00,1.00
886.00,0.85,0.85,53.33,0.98,0.97,1.00,1.00
887.00,0.85,0.85,62.22,0.98,0.97,1.00,1.00
888.00,0.85,0.85,71.11,0.98,0.97,1.00,1.00
889.00,0.85,0.85,80.00,0.98,0.97,1.00,1.00
890.00,0.85,0.95,0.00,0.95,0.95,1.00,1.00
891.00,0.85,0.95,8.89,0.98,0.98,1.00,1.00
892.00,0.85,0.95,17.78,0.99,0.98,1.00,1.00
893.00,0.85,0.95,26.67,0.99,0.99,1.00,1.00
894.00,0.85,0.95,35.56,0.99,0.99,1.00,1.00
895.00,0.85,0.95,44.44,1.00,0.99,1.00,1.00
896.00,0.85,0.95,53.33,0.99,0.99,1.00,1.00
897.00,0.85,0.95,62.22,1.00,0.99,1.00,1.00
898.00,0.85,0.95,71.11,0.99,0.99,1.00,1.00
899.00,0.85,0.95,80.00,1.00,0.99,1.00,1.00
900.00,0.95,0.05,0.00,0.05,0.05,1.00,1.00
901.00,0.95,0.05,8.89,0.04,0.10,1.00,1.00
902.00,0.95,0.05,17.78,0.16,0.12,1.00,1.00
903.00,0.95,0.05,26.67,0.23,0.14,1.00,1.00
904.00,0.95,0.05,35.56,0.29,0.16,1.00,1.00
905.00,0.95,0.05,44.44,0.33,0.17,1.00,1.00
906.00,0.95,0.05,53.33,0.36,0.18,1.00,1.00
907.00,0.95,0.05,62.22,0.39,0.19,1.00,1.00
908.00,0.95,0.05,71.11,0.41,0.20,1.00,1.00
909.00,0.95,0.05,80.00,0.44,0.21,1.00,1.00
910.00,0.95,0.15,0.00,0.15,0.15,1.00,1.00
911.00,0.95,0.15,8.89,0.28,0.27,1.00,1.00
912.00,0.95,0.15,17.78,0.39,0.33,1.00,1.00
913.00,0.95,0.15,26.67,0.44,0.36,1.00,1.00
914.00,0.95,0.15,35.56,0.51,0.39,1.00,1.00
915.00,0.95,0.15,44.44,0.56,0.42,1.00,1.00
916.00,0.95,0.15,53.33,0.60,0.43,1.00,1.00
917.00,0.95,0.15,62.22,0.62,0.45,1.00,1.00
918.00,0.95,0.15,71.11,0.65,0.47,1.00,1.00
919.00,0.95,0.15,80.00,0.67,0.48,1.00,1.00
920.00,0.95,0.25,0.00,0.25,0.25,1.00,1.00
921.00,0.95,0.25,8.89,0.49,0.42,1.00,1.00
922.00,0.95,0.25,17.78,0.59,0.48,1.00,1.00
923.00,0.95,0.25,26.67,0.65,0.52,1.00,1.00
924.00,0.95,0.25,35.56,0.70,0.55,1.00,1.00
925.00,0.95,0.25,44.44,0.79,0.58,1.00,1.00
926.00,0.95,0.25,53.33,0.81,0.60,1.00,1.00
927.00,0.95,0.25,62.22,0.83,0.61,1.00,1.00
928.00,0.95,0.25,71.11,0.84,0.63,1.00,1.00
929.00,0.95,0.25,80.00,0.85,0.64,1.00,1.00
930.00,0.95,0.35,0.00,0.35,0.35,1.00,1.00
931.00,0.95,0.35,8.89,0.64,0.54,1.00,1.00
932.00,0.95,0.35,17.78,0.73,0.60,1.00,1.00
933.00,0.95,0.35,26.67,0.78,0.64,1.00,1.00
934.00,0.95,0.35,35.56,0.81,0.67,1.00,1.00
935.00,0.95,0.35,44.44,0.84,0.69,1.00,1.00
936.00,0.95,0.35,53.33,0.90,0.71,1.00,1.00
937.00,0.95,0.35,62.22,0.91,0.72,1.00,1.00
938.00,0.95,0.35,71.11,0.92,0.73,1.00,1.00
939.00,0.95,0.35,80.00,0.92,0.74,1.00,1.00
940.00,0.95,0.45,0.00,0.45,0.45,1.00,1.00
941.00,0.95,0.45,8.89,0.75,0.64,1.00,1.00
942.00,0.95,0.45,17.78,0.82,0.70,1.00,1.00
943.00,0.95,0.45,26.67,0.86,0.73,1.00,1.00
944.00,0.95,0.45,35.56,0.85,0.76,1.00,1.00
945.00,0.95,0.45,44.44,0.90,0.77,1.00,1.00
946.00,0.95,0.45,53.33,0.88,0.79,1.00,1.00
947.00,0.95,0.45,62.22,0.89,0.80,1.00,1.00
948.00,0.95,0.45,71.11,0.90,0.81,1.00,1.00
949.00,0.95,0.45,80.00,0.90,0.82,1.00,1.00
950.00,0.95,0.55,0.00,0.55,0.55,1.00,1.00
951.00,0.95,0.55,8.89,0.81,0.73,1.00,1.00
952.00,0.95,0.55,17.78,0.86,0.78,1.00,1.00
953.00,0.95,0.55,26.67,0.89,0.81,1.00,1.00
954.00,0.95,0.55,35.56,0.90,0.83,1.00,1.00
955.00,0.95,0.55,44.44,0.91,0.84,1.00,1.00
956.00,0.95,0.55,53.33,0.92,0.85,1.00,1.00
957.00,0.95,0.55,62.22,0.93,0.86,1.00,1.00
958.00,0.95,0.55,71.11,0.95,0.86,1.00,1.00
959.00,0.95,0.55,80.00,0.93,0.87,1.00,1.00
960.00,0.95,0.65,0.00,0.65,0.65,1.00,1.00
961.00,0.95,0.65,8.89,0.85,0.81,1.00,1.00
962.00,0.95,0.65,17.78,0.92,0.85,1.00,1.00
963.00,0.95,0.65,26.67,0.92,0.87,1.00,1.00
964.00,0.95,0.65,35.56,0.94,0.88,1.00,1.00
965.00,0.95,0.65,44.44,0.92,0.89,1.00,1.00
966.00,0.95,0.65,53.33,0.93,0.90,1.00,1.00
967.00,0.95,0.65,62.22,0.94,0.90,1.00,1.00
968.00,0.95,0.65,71.11,0.94,0.91,1.00,1.00
969.00,0.95,0.65,80.00,0.95,0.91,1.00,1.00
970.00,0.95,0.75,0.00,0.75,0.75,1.00,1.00
971.00,0.95,0.75,8.89,0.96,0.87,1.00,1.00
972.00,0.95,0.75,17.78,0.94,0.90,1.00,1.00
973.00,0.95,0.75,26.67,0.93,0.91,1.00,1.00
974.00,0.95,0.75,35.56,0.94,0.92,1.00,1.00
975.00,0.95,0.75,44.44,0.95,0.93,1.00,1.00
976.00,0.95,0.75,53.33,0.95,0.94,1.00,1.00
977.00,0.95,0.75,62.22,0.95,0.94,1.00,1.00
978.00,0.95,0.75,71.11,0.96,0.94,1.00,1.00
979.00,0.95,0.75,80.00,0.96,0.95,1.00,1.00
980.00,0.95,0.85,0.00,0.85,0.85,1.00,1.00
981.00,0.95,0.85,8.89,0.94,0.93,1.00,1.00
982.00,0.95,0.85,17.78,0.97,0.95,1.00,1.00
983.00,0.95,0.85,26.67,0.97,0.95,1.00,1.00
984.00,0.95,0.85,35.56,0.97,0.96,1.00,1.00
985.00,0.95,0.85,44.44,0.97,0.96,1.00,1.00
986.00,0.95,0.85,53.33,0.97,0.97,1.00,1.00
987.00,0.95,0.85,62.22,0.97,0.97,1.00,1.00
988.00,0.95,0.85,71.11,0.97,0.97,1.00,1.00
989.00,0.95,0.85,80.00,0.98,0.97,1.00,1.00
990.00,0.95,0.95,0.00,0.95,0.95,1.00,1.00
991.00,0.95,0.95,8.89,0.98,0.98,1.00,1.00
992.00,0.95,0.95,17.78,0.99,0.98,1.00,1.00
993.00,0.95,0.95,26.67,1.00,0.99,1.00,1.00
994.00,0.95,0.95,35.56,1.00,0.99,1.00,1.00
995.00,0.95,0.95,44.44,1.00,0.99,1.00,1.00
996.00,0.95,0.95,53.33,1.00,0.99,1.00,1.00
997.00,0.95,0.95,62.22,1.00,0.99,1.00,1.00
998.00,0.95,0.95,71.11,1.00,0.99,1.00,1.00
999.00,0.95,0.95,80.00,1.00,0.99,1.00,1.00
